x,y,z,entity_type
150.0,0.0,0.0,LWPOLYLINE
150.09859837312683,0.0,0.0,LWPOLYLINE
150.3889535822659,0.0,0.0,LWPOLYLINE
150.86290576205494,0.0,0.0,LWPOLYLINE
151.51229504713172,0.0,0.0,LWPOLYLINE
152.32896157213406,0.0,0.0,LWPOLYLINE
153.30474547169973,0.0,0.0,LWPOLYLINE
154.43148688046648,0.0,0.0,LWPOLYLINE
155.7010259330721,0.0,0.0,LWPOLYLINE
157.10520276415437,0.0,0.0,LWPOLYLINE
158.6358575083511,0.0,0.0,LWPOLYLINE
160.28483030030006,0.0,0.0,LWPOLYLINE
162.04396127463897,0.0,0.0,LWPOLYLINE
163.90509056600567,0.0,0.0,LWPOLYLINE
165.8600583090379,0.0,0.0,LWPOLYLINE
167.90070463837347,0.0,0.0,LWPOLYLINE
170.01886968865014,0.0,0.0,LWPOLYLINE
172.2063935945057,0.0,0.0,LWPOLYLINE
174.45511649057792,0.0,0.0,LWPOLYLINE
176.75687851150457,0.0,0.0,LWPOLYLINE
179.10351979192342,0.0,0.0,LWPOLYLINE
181.4868804664723,0.0,0.0,LWPOLYLINE
183.89880066978895,0.0,0.0,LWPOLYLINE
186.33112053651115,0.0,0.0,LWPOLYLINE
188.77568020127669,0.0,0.0,LWPOLYLINE
191.2243197987233,0.0,0.0,LWPOLYLINE
193.66887946348885,0.0,0.0,LWPOLYLINE
196.10119933021105,0.0,0.0,LWPOLYLINE
198.51311953352769,0.0,0.0,LWPOLYLINE
200.89648020807653,0.0,0.0,LWPOLYLINE
203.24312148849543,0.0,0.0,LWPOLYLINE
205.5448835094221,0.0,0.0,LWPOLYLINE
207.7936064054943,0.0,0.0,LWPOLYLINE
209.9811303113499,0.0,0.0,LWPOLYLINE
212.0992953616265,0.0,0.0,LWPOLYLINE
214.1399416909621,0.0,0.0,LWPOLYLINE
216.09490943399433,0.0,0.0,LWPOLYLINE
217.956038725361,0.0,0.0,LWPOLYLINE
219.7151696996999,0.0,0.0,LWPOLYLINE
221.36414249164886,0.0,0.0,LWPOLYLINE
222.8947972358456,0.0,0.0,LWPOLYLINE
224.29897406692785,0.0,0.0,LWPOLYLINE
225.56851311953352,0.0,0.0,LWPOLYLINE
226.69525452830027,0.0,0.0,LWPOLYLINE
227.67103842786594,0.0,0.0,LWPOLYLINE
228.48770495286823,0.0,0.0,LWPOLYLINE
229.1370942379451,0.0,0.0,LWPOLYLINE
229.61104641773412,0.0,0.0,LWPOLYLINE
229.90140162687314,0.0,0.0,LWPOLYLINE
230.0,0.0,0.0,LWPOLYLINE
230.0,0.0,0.0,LWPOLYLINE
230.0,0.09859837312684341,0.0,LWPOLYLINE
230.0,0.3889535822658926,0.0,LWPOLYLINE
230.0,0.8629057620549261,0.0,LWPOLYLINE
230.0,1.5122950471317222,0.0,LWPOLYLINE
230.0,2.3289615721340597,0.0,LWPOLYLINE
230.0,3.3047454716997167,0.0,LWPOLYLINE
230.0,4.431486880466473,0.0,LWPOLYLINE
230.0,5.7010259330721045,0.0,LWPOLYLINE
230.0,7.105202764154392,0.0,LWPOLYLINE
230.0,8.635857508351112,0.0,LWPOLYLINE
230.0,10.284830300300047,0.0,LWPOLYLINE
230.0,12.043961274638967,0.0,LWPOLYLINE
230.0,13.90509056600566,0.0,LWPOLYLINE
230.0,15.860058309037901,0.0,LWPOLYLINE
230.0,17.90070463837347,0.0,LWPOLYLINE
230.0,20.018869688650135,0.0,LWPOLYLINE
230.0,22.20639359450569,0.0,LWPOLYLINE
230.0,24.455116490577904,0.0,LWPOLYLINE
230.0,26.75687851150456,0.0,LWPOLYLINE
230.0,29.103519791923432,0.0,LWPOLYLINE
230.0,31.4868804664723,0.0,LWPOLYLINE
230.0,33.898800669788955,0.0,LWPOLYLINE
230.0,36.33112053651115,0.0,LWPOLYLINE
230.0,38.77568020127667,0.0,LWPOLYLINE
230.0,41.224319798723315,0.0,LWPOLYLINE
230.0,43.66887946348885,0.0,LWPOLYLINE
230.0,46.10119933021106,0.0,LWPOLYLINE
230.0,48.5131195335277,0.0,LWPOLYLINE
230.0,50.896480208076554,0.0,LWPOLYLINE
230.0,53.24312148849543,0.0,LWPOLYLINE
230.0,55.5448835094221,0.0,LWPOLYLINE
230.0,57.7936064054943,0.0,LWPOLYLINE
230.0,59.98113031134986,0.0,LWPOLYLINE
230.0,62.09929536162653,0.0,LWPOLYLINE
230.0,64.13994169096208,0.0,LWPOLYLINE
230.0,66.09490943399433,0.0,LWPOLYLINE
230.0,67.95603872536101,0.0,LWPOLYLINE
230.0,69.71516969969994,0.0,LWPOLYLINE
230.0,71.36414249164889,0.0,LWPOLYLINE
230.0,72.8947972358456,0.0,LWPOLYLINE
230.0,74.29897406692788,0.0,LWPOLYLINE
230.0,75.5685131195335,0.0,LWPOLYLINE
230.0,76.69525452830028,0.0,LWPOLYLINE
230.0,77.67103842786594,0.0,LWPOLYLINE
230.0,78.48770495286826,0.0,LWPOLYLINE
230.0,79.13709423794509,0.0,LWPOLYLINE
230.0,79.61104641773412,0.0,LWPOLYLINE
230.0,79.90140162687314,0.0,LWPOLYLINE
230.0,80.0,0.0,LWPOLYLINE
230.0,80.0,0.0,LWPOLYLINE
229.90140162687317,80.0,0.0,LWPOLYLINE
229.6110464177341,80.0,0.0,LWPOLYLINE
229.13709423794506,80.0,0.0,LWPOLYLINE
228.48770495286828,80.0,0.0,LWPOLYLINE
227.67103842786594,80.0,0.0,LWPOLYLINE
226.69525452830027,80.0,0.0,LWPOLYLINE
225.56851311953352,80.0,0.0,LWPOLYLINE
224.2989740669279,80.0,0.0,LWPOLYLINE
222.89479723584563,80.0,0.0,LWPOLYLINE
221.3641424916489,80.0,0.0,LWPOLYLINE
219.71516969969994,80.0,0.0,LWPOLYLINE
217.95603872536103,80.0,0.0,LWPOLYLINE
216.09490943399433,80.0,0.0,LWPOLYLINE
214.1399416909621,80.0,0.0,LWPOLYLINE
212.09929536162653,80.0,0.0,LWPOLYLINE
209.98113031134986,80.0,0.0,LWPOLYLINE
207.7936064054943,80.0,0.0,LWPOLYLINE
205.54488350942208,80.0,0.0,LWPOLYLINE
203.24312148849543,80.0,0.0,LWPOLYLINE
200.89648020807658,80.0,0.0,LWPOLYLINE
198.5131195335277,80.0,0.0,LWPOLYLINE
196.10119933021105,80.0,0.0,LWPOLYLINE
193.66887946348885,80.0,0.0,LWPOLYLINE
191.22431979872331,80.0,0.0,LWPOLYLINE
188.7756802012767,80.0,0.0,LWPOLYLINE
186.33112053651115,80.0,0.0,LWPOLYLINE
183.89880066978895,80.0,0.0,LWPOLYLINE
181.48688046647231,80.0,0.0,LWPOLYLINE
179.10351979192347,80.0,0.0,LWPOLYLINE
176.75687851150457,80.0,0.0,LWPOLYLINE
174.4551164905779,80.0,0.0,LWPOLYLINE
172.2063935945057,80.0,0.0,LWPOLYLINE
170.01886968865014,80.0,0.0,LWPOLYLINE
167.90070463837347,80.0,0.0,LWPOLYLINE
165.86005830903792,80.0,0.0,LWPOLYLINE
163.90509056600567,80.0,0.0,LWPOLYLINE
162.043961274639,80.0,0.0,LWPOLYLINE
160.28483030030006,80.0,0.0,LWPOLYLINE
158.6358575083511,80.0,0.0,LWPOLYLINE
157.1052027641544,80.0,0.0,LWPOLYLINE
155.70102593307212,80.0,0.0,LWPOLYLINE
154.43148688046648,80.0,0.0,LWPOLYLINE
153.30474547169973,80.0,0.0,LWPOLYLINE
152.32896157213406,80.0,0.0,LWPOLYLINE
151.51229504713174,80.0,0.0,LWPOLYLINE
150.8629057620549,80.0,0.0,LWPOLYLINE
150.38895358226588,80.0,0.0,LWPOLYLINE
150.09859837312686,80.0,0.0,LWPOLYLINE
150.0,80.0,0.0,LWPOLYLINE
150.0,80.0,0.0,LWPOLYLINE
150.0,79.90140162687315,0.0,LWPOLYLINE
150.0,79.6110464177341,0.0,LWPOLYLINE
150.0,79.13709423794508,0.0,LWPOLYLINE
150.0,78.48770495286828,0.0,LWPOLYLINE
150.0,77.67103842786594,0.0,LWPOLYLINE
150.0,76.6952545283003,0.0,LWPOLYLINE
150.0,75.56851311953353,0.0,LWPOLYLINE
150.0,74.2989740669279,0.0,LWPOLYLINE
150.0,72.8947972358456,0.0,LWPOLYLINE
150.0,71.36414249164889,0.0,LWPOLYLINE
150.0,69.71516969969994,0.0,LWPOLYLINE
150.0,67.95603872536103,0.0,LWPOLYLINE
150.0,66.09490943399433,0.0,LWPOLYLINE
150.0,64.1399416909621,0.0,LWPOLYLINE
150.0,62.09929536162653,0.0,LWPOLYLINE
150.0,59.981130311349865,0.0,LWPOLYLINE
150.0,57.793606405494316,0.0,LWPOLYLINE
150.0,55.54488350942209,0.0,LWPOLYLINE
150.0,53.24312148849544,0.0,LWPOLYLINE
150.0,50.89648020807657,0.0,LWPOLYLINE
150.0,48.5131195335277,0.0,LWPOLYLINE
150.0,46.101199330211045,0.0,LWPOLYLINE
150.0,43.66887946348885,0.0,LWPOLYLINE
150.0,41.22431979872333,0.0,LWPOLYLINE
150.0,38.775680201276685,0.0,LWPOLYLINE
150.0,36.33112053651115,0.0,LWPOLYLINE
150.0,33.89880066978894,0.0,LWPOLYLINE
150.0,31.486880466472304,0.0,LWPOLYLINE
150.0,29.103519791923446,0.0,LWPOLYLINE
150.0,26.756878511504567,0.0,LWPOLYLINE
150.0,24.4551164905779,0.0,LWPOLYLINE
150.0,22.2063935945057,0.0,LWPOLYLINE
150.0,20.018869688650142,0.0,LWPOLYLINE
150.0,17.90070463837347,0.0,LWPOLYLINE
150.0,15.860058309037917,0.0,LWPOLYLINE
150.0,13.905090566005669,0.0,LWPOLYLINE
150.0,12.043961274638988,0.0,LWPOLYLINE
150.0,10.284830300300058,0.0,LWPOLYLINE
150.0,8.635857508351108,0.0,LWPOLYLINE
150.0,7.105202764154399,0.0,LWPOLYLINE
150.0,5.701025933072117,0.0,LWPOLYLINE
150.0,4.431486880466494,0.0,LWPOLYLINE
150.0,3.304745471699718,0.0,LWPOLYLINE
150.0,2.3289615721340624,0.0,LWPOLYLINE
150.0,1.5122950471317438,0.0,LWPOLYLINE
150.0,0.8629057620549077,0.0,LWPOLYLINE
150.0,0.3889535822658843,0.0,LWPOLYLINE
150.0,0.09859837312686182,0.0,LWPOLYLINE
150.0,0.0,0.0,LWPOLYLINE
150.0,0.0,0.0,PRISMATIC_UP
150.0,0.0,0.0005773436360985566,PRISMATIC_UP
150.0,0.0,0.002225397288234436,PRISMATIC_UP
150.0,0.0,0.004818195072167954,PRISMATIC_UP
150.0,0.0,0.008229771103659423,PRISMATIC_UP
150.0,0.0,0.012334159498469163,PRISMATIC_UP
150.0,0.0,0.017005394372357485,PRISMATIC_UP
150.0,0.0,0.0221175098410847,PRISMATIC_UP
150.0,0.0,0.02754454002041113,PRISMATIC_UP
150.0,0.0,0.033160519026097096,PRISMATIC_UP
150.0,0.0,0.03883948097390289,PRISMATIC_UP
150.0,0.0,0.04445545997958886,PRISMATIC_UP
150.0,0.0,0.049882490158915285,PRISMATIC_UP
150.0,0.0,0.05499460562764249,PRISMATIC_UP
150.0,0.0,0.059665840501530815,PRISMATIC_UP
150.0,0.0,0.06377022889634056,PRISMATIC_UP
150.0,0.0,0.06718180492783203,PRISMATIC_UP
150.0,0.0,0.06977460271176554,PRISMATIC_UP
150.0,0.0,0.07142265636390144,PRISMATIC_UP
150.0,0.0,0.07199999999999998,PRISMATIC_UP
150.0,0.0,0.072,TRANSITION
150.1394071097626,0.0871294436016237,0.072,TRANSITION
150.54450776989626,0.3403173561851655,0.072,TRANSITION
151.1956209766698,0.7472631104186315,0.072,TRANSITION
152.07306572635204,1.2956660789700276,0.072,TRANSITION
153.15716101521178,1.9732256345073607,0.072,TRANSITION
154.4282258395178,2.767641149698635,0.072,TRANSITION
155.86657919553898,3.6666119972118585,0.072,TRANSITION
157.45254007954406,4.657837549715036,0.072,TRANSITION
159.16642748780188,5.729017179876174,0.072,TRANSITION
160.98856041658124,6.867850260363281,0.072,TRANSITION
162.899257862151,8.062036163844358,0.072,TRANSITION
164.87883882077986,9.299274262987414,0.072,TRANSITION
166.90762228873675,10.567263930460456,0.072,TRANSITION
168.9659272622904,11.853704538931488,0.072,TRANSITION
171.03407273770964,13.146295461068519,0.072,TRANSITION
173.09237771126328,14.43273606953955,0.072,TRANSITION
175.12116117922014,15.700725737012588,0.072,TRANSITION
177.10074213784904,16.937963836155646,0.072,TRANSITION
179.01143958341873,18.132149739636723,0.072,TRANSITION
180.83357251219815,19.270982820123834,0.072,TRANSITION
182.54745992045594,20.342162450284963,0.072,TRANSITION
184.13342080446102,21.333388002788144,0.072,TRANSITION
185.5717741604822,22.232358850301367,0.072,TRANSITION
186.84283898478824,23.026774365492646,0.072,TRANSITION
187.92693427364796,23.70433392102997,0.072,TRANSITION
188.8043790233302,24.252736889581378,0.072,TRANSITION
189.45549223010374,24.65968264381484,0.072,TRANSITION
189.8605928902374,24.91287055639838,0.072,TRANSITION
190.0,25.0,0.072,TRANSITION
190.0,25.0,0.072,PRISMATIC_DOWN
190.0,25.0,0.07142265636390144,PRISMATIC_DOWN
190.0,25.0,0.06977460271176555,PRISMATIC_DOWN
190.0,25.0,0.06718180492783203,PRISMATIC_DOWN
190.0,25.0,0.06377022889634057,PRISMATIC_DOWN
190.0,25.0,0.059665840501530835,PRISMATIC_DOWN
190.0,25.0,0.05499460562764251,PRISMATIC_DOWN
190.0,25.0,0.0498824901589153,PRISMATIC_DOWN
190.0,25.0,0.044455459979588864,PRISMATIC_DOWN
190.0,25.0,0.0388394809739029,PRISMATIC_DOWN
190.0,25.0,0.0331605190260971,PRISMATIC_DOWN
190.0,25.0,0.02754454002041114,PRISMATIC_DOWN
190.0,25.0,0.02211750984108471,PRISMATIC_DOWN
190.0,25.0,0.017005394372357506,PRISMATIC_DOWN
190.0,25.0,0.01233415949846918,PRISMATIC_DOWN
190.0,25.0,0.008229771103659439,PRISMATIC_DOWN
190.0,25.0,0.004818195072167963,PRISMATIC_DOWN
190.0,25.0,0.002225397288234454,PRISMATIC_DOWN
190.0,25.0,0.0005773436360985568,PRISMATIC_DOWN
190.0,25.0,2.7755575615628914e-17,PRISMATIC_DOWN
190.0,25.0,0.0,CIRCLE
189.99885760756635,25.010869137963535,0.0,CIRCLE
189.99553794955327,25.04245357416345,0.0,CIRCLE
189.99020230489253,25.093218842063727,0.0,CIRCLE
189.983011952516,25.161630475128327,0.0,CIRCLE
189.9741281713555,25.24615400682122,0.0,CIRCLE
189.96371224034274,25.345254970606387,0.0,CIRCLE
189.95192543840963,25.4573988999478,0.0,CIRCLE
189.93892904448794,25.58105132830942,0.0,CIRCLE
189.9248843375095,25.71467778915523,0.0,CIRCLE
189.90995259640607,25.85674381594919,0.0,CIRCLE
189.89429510010953,26.005714942155283,0.0,CIRCLE
189.8780731275516,26.160056701237473,0.0,CIRCLE
189.8614479576642,26.31823462665973,0.0,CIRCLE
189.84458086937906,26.478714251886036,0.0,CIRCLE
189.82763314162804,26.639961110380355,0.0,CIRCLE
189.81076605334292,26.80044073560666,0.0,CIRCLE
189.7941408834555,26.95861866102892,0.0,CIRCLE
189.77791891089757,27.11296042011111,0.0,CIRCLE
189.76226141460103,27.2619315463172,0.0,CIRCLE
189.74732967349763,27.403997573111162,0.0,CIRCLE
189.73328496651916,27.53762403395697,0.0,CIRCLE
189.72028857259747,27.661276462318593,0.0,CIRCLE
189.70850177066436,27.77342039166,0.0,CIRCLE
189.6980858396516,27.87252135544517,0.0,CIRCLE
189.68920205849108,27.957044887138068,0.0,CIRCLE
189.68201170611457,28.025456520202667,0.0,CIRCLE
189.67667606145383,28.076221788102934,0.0,CIRCLE
189.67335640344075,28.10780622430286,0.0,CIRCLE
189.6722140110071,28.118675362266394,0.0,CIRCLE
189.6722140110071,28.11867536226639,0.0,CIRCLE
189.66883676173728,28.12906946674501,0.0,CIRCLE
189.6590228726827,28.159273511524052,0.0,CIRCLE
189.64324913197547,28.2078200936183,0.0,CIRCLE
189.62199232774788,28.273241810042535,0.0,CIRCLE
189.5957292481321,28.35407125781155,0.0,CIRCLE
189.56493668126035,28.44884103394012,0.0,CIRCLE
189.53009141526482,28.556083735443035,0.0,CIRCLE
189.49167023827772,28.674331959335074,0.0,CIRCLE
189.45014993843128,28.802118302631015,0.0,CIRCLE
189.40600730385773,28.937975362345654,0.0,CIRCLE
189.35971912268923,29.08043573549376,0.0,CIRCLE
189.31176218305797,29.22803201909013,0.0,CIRCLE
189.2626132730962,29.37929681014954,0.0,CIRCLE
189.21274918093613,29.532762705686775,0.0,CIRCLE
189.16264669470996,29.686962302716616,0.0,CIRCLE
189.1127826025499,29.840428198253854,0.0,CIRCLE
189.06363369258813,29.991692989313265,0.0,CIRCLE
189.01567675295692,30.13928927290963,0.0,CIRCLE
188.9693885717884,30.281749646057744,0.0,CIRCLE
188.92524593721484,30.417606705772375,0.0,CIRCLE
188.88372563736837,30.545393049068323,0.0,CIRCLE
188.84530446038133,30.663641272960355,0.0,CIRCLE
188.81045919438577,30.770883974463267,0.0,CIRCLE
188.77966662751402,30.86565375059184,0.0,CIRCLE
188.75340354789824,30.94648319836086,0.0,CIRCLE
188.73214674367065,31.011904914785095,0.0,CIRCLE
188.71637300296342,31.06045149687934,0.0,CIRCLE
188.70655911390884,31.090655541658382,0.0,CIRCLE
188.70318186463902,31.101049646137,0.0,CIRCLE
188.70318186463902,31.101049646137003,0.0,CIRCLE
188.69771736053198,31.11051444488854,0.0,CIRCLE
188.6818381544798,31.138018036554776,0.0,CIRCLE
188.65631570588582,31.182224214253136,0.0,CIRCLE
188.62192147415337,31.24179677110105,0.0,CIRCLE
188.57942691868578,31.31539950021595,0.0,CIRCLE
188.52960349888644,31.401696194715267,0.0,CIRCLE
188.47322267415865,31.49935064771643,0.0,CIRCLE
188.41105590390578,31.607026652336867,0.0,CIRCLE
188.34387464753115,31.72338800169401,0.0,CIRCLE
188.27245036443816,31.84709848890529,0.0,CIRCLE
188.19755451403006,31.97682190708813,0.0,CIRCLE
188.11995855571033,32.11122204935997,0.0,CIRCLE
188.04043394888217,32.24896270883823,0.0,CIRCLE
187.95975215294902,32.388707678640344,0.0,CIRCLE
187.8786846273142,32.52912075188375,0.0,CIRCLE
187.79800283138104,32.66886572168587,0.0,CIRCLE
187.7184782245529,32.80660638116414,0.0,CIRCLE
187.64088226623318,32.94100652343597,0.0,CIRCLE
187.5659864158251,33.070729941618815,0.0,CIRCLE
187.49456213273209,33.19444042883009,0.0,CIRCLE
187.4273808763575,33.31080177818724,0.0,CIRCLE
187.36521410610462,33.41847778280768,0.0,CIRCLE
187.3088332813768,33.51613223580884,0.0,CIRCLE
187.25900986157745,33.60242893030815,0.0,CIRCLE
187.2165153061099,33.67603165942305,0.0,CIRCLE
187.18212107437742,33.735604216270964,0.0,CIRCLE
187.1565986257834,33.77981039396933,0.0,CIRCLE
187.14071941973123,33.80731398563556,0.0,CIRCLE
187.13525491562422,33.8167787843871,0.0,CIRCLE
187.13525491562422,33.8167787843871,0.0,CIRCLE
187.12794198173103,33.82490062028897,0.0,CIRCLE
187.1066914561827,33.848501719909706,0.0,CIRCLE
187.0725357531757,33.88643547112198,0.0,CIRCLE
187.02650728690696,33.93755526179847,0.0,CIRCLE
186.969638471573,34.00071447981186,0.0,CIRCLE
186.90296172137062,34.074766513034824,0.0,CIRCLE
186.82750945049634,34.15856474934002,0.0,CIRCLE
186.744314073147,34.25096257660015,0.0,CIRCLE
186.65440800351922,34.35081338268788,0.0,CIRCLE
186.55882365580968,34.456970555475884,0.0,CIRCLE
186.45859344421507,34.56828748283685,0.0,CIRCLE
186.35474978293203,34.68361755264344,0.0,CIRCLE
186.24832508615734,34.801814152768344,0.0,CIRCLE
186.14035176808758,34.92173067108423,0.0,CIRCLE
186.03186224291952,35.04222049546377,0.0,CIRCLE
185.92388892484976,35.16213701377966,0.0,CIRCLE
185.81746422807507,35.28033361390456,0.0,CIRCLE
185.71362056679203,35.395663683711156,0.0,CIRCLE
185.61339035519742,35.506980611072116,0.0,CIRCLE
185.51780600748788,35.613137783860125,0.0,CIRCLE
185.42789993786008,35.712988589947855,0.0,CIRCLE
185.34470456051073,35.805386417207984,0.0,CIRCLE
185.26925228963648,35.88918465351319,0.0,CIRCLE
185.20257553943406,35.963236686736145,0.0,CIRCLE
185.14570672410014,36.026395904749535,0.0,CIRCLE
185.09967825783136,36.07751569542602,0.0,CIRCLE
185.06552255482444,36.1154494466383,0.0,CIRCLE
185.04427202927607,36.139050546259035,0.0,CIRCLE
185.03695909538288,36.14717238216091,0.0,CIRCLE
185.03695909538288,36.14717238216091,0.0,CIRCLE
185.02811734200606,36.153596292011315,0.0,CIRCLE
185.00242424689924,36.17226341828248,0.0,CIRCLE
184.96112805759805,36.202266856054365,0.0,CIRCLE
184.905477021638,36.2426997004069,0.0,CIRCLE
184.83671938655465,36.29265504642004,0.0,CIRCLE
184.75610339988353,36.35122598917372,0.0,CIRCLE
184.66487730916023,36.41750562374788,0.0,CIRCLE
184.56428936192026,36.49058704522246,0.0,CIRCLE
184.45558780569922,36.56956334867741,0.0,CIRCLE
184.34002088803263,36.65352762919269,0.0,CIRCLE
184.21883685645605,36.74157298184821,0.0,CIRCLE
184.09328395850505,36.83279250172394,0.0,CIRCLE
183.96461044171517,36.9262792838998,0.0,CIRCLE
183.83406455362194,37.021126423455755,0.0,CIRCLE
183.70289454176097,37.116427015471736,0.0,CIRCLE
183.57234865366772,37.21127415502769,0.0,CIRCLE
183.44367513687786,37.304760937203554,0.0,CIRCLE
183.31812223892683,37.39598045707928,0.0,CIRCLE
183.19693820735026,37.4840258097348,0.0,CIRCLE
183.08137128968366,37.56799009025007,0.0,CIRCLE
182.97266973346262,37.64696639370503,0.0,CIRCLE
182.87208178622265,37.72004781517962,0.0,CIRCLE
182.78085569549938,37.78632744975378,0.0,CIRCLE
182.70023970882824,37.84489839250745,0.0,CIRCLE
182.63148207374488,37.89485373852059,0.0,CIRCLE
182.5758310377848,37.935286582873125,0.0,CIRCLE
182.53453484848362,37.96529002064501,0.0,CIRCLE
182.50884175337683,37.983957146916175,0.0,CIRCLE
182.5,37.99038105676658,0.0,CIRCLE
182.5,37.99038105676658,0.0,CIRCLE
182.49001585418952,37.99482628487971,0.0,CIRCLE
182.46100310106962,38.00774359480846,0.0,CIRCLE
182.4143712671077,38.02850542493685,0.0,CIRCLE
182.35152987877112,38.05648421364891,0.0,CIRCLE
182.27388846252725,38.091052399328674,0.0,CIRCLE
182.1828565448434,38.13158242036017,0.0,CIRCLE
182.07984365218698,38.17744671512742,0.0,CIRCLE
181.9662593110253,38.22801772201445,0.0,CIRCLE
181.8435130478258,38.2826678794053,0.0,CIRCLE
181.7130143890558,38.340769625684,0.0,CIRCLE
181.5761728611827,38.40169539923456,0.0,CIRCLE
181.43439799067377,38.464817638441026,0.0,CIRCLE
181.28909930399647,38.52950878168742,0.0,CIRCLE
181.14168632761815,38.595141267357775,0.0,CIRCLE
180.9935685880061,38.66108753383611,0.0,CIRCLE
180.84615561162775,38.726720019506466,0.0,CIRCLE
180.70085692495044,38.79141116275286,0.0,CIRCLE
180.55908205444155,38.85453340195933,0.0,CIRCLE
180.4222405265684,38.91545917550989,0.0,CIRCLE
180.2917418677984,38.97356092178858,0.0,CIRCLE
180.1689956045989,39.02821107917943,0.0,CIRCLE
180.05541126343724,39.07878208606647,0.0,CIRCLE
179.95239837078083,39.12464638083372,0.0,CIRCLE
179.861366453097,39.16517640186521,0.0,CIRCLE
179.7837250368531,39.19974458754498,0.0,CIRCLE
179.7208836485165,39.22772337625704,0.0,CIRCLE
179.67425181455457,39.248485206385425,0.0,CIRCLE
179.64523906143472,39.26140251631417,0.0,CIRCLE
179.63525491562422,39.265847744427305,0.0,CIRCLE
179.63525491562422,39.265847744427305,0.0,CIRCLE
179.62456473246127,39.26812001300405,0.0,CIRCLE
179.59350031785823,39.27472295816236,0.0,CIRCLE
179.54357087414414,39.285335789044325,0.0,CIRCLE
179.47628560364774,39.29963771479208,0.0,CIRCLE
179.393153708698,39.3173079445477,0.0,CIRCLE
179.29568439162384,39.33802568745331,0.0,CIRCLE
179.18538685475409,39.36147015265102,0.0,CIRCLE
179.06377030041764,39.38732054928293,0.0,CIRCLE
178.93234393094343,39.41525608649114,0.0,CIRCLE
178.79261694866028,39.44495597341778,0.0,CIRCLE
178.64609855589717,39.47609941920492,0.0,CIRCLE
178.4942979549829,39.508365632994696,0.0,CIRCLE
178.33872434824644,39.541433823929204,0.0,CIRCLE
178.18088693801664,39.57498320115055,0.0,CIRCLE
178.02229492662238,39.60869297380085,0.0,CIRCLE
177.86445751639258,39.6422423510222,0.0,CIRCLE
177.7088839096561,39.675310541956705,0.0,CIRCLE
177.55708330874185,39.70757675574648,0.0,CIRCLE
177.4105649159787,39.73872020153363,0.0,CIRCLE
177.2708379336956,39.76842008846026,0.0,CIRCLE
177.1394115642214,39.79635562566847,0.0,CIRCLE
177.01779500988494,39.82220602230038,0.0,CIRCLE
176.9074974730152,39.84565048749809,0.0,CIRCLE
176.81002815594098,39.8663682304037,0.0,CIRCLE
176.72689626099128,39.88403846015933,0.0,CIRCLE
176.6596109904949,39.898340385907076,0.0,CIRCLE
176.60968154678076,39.908953216789044,0.0,CIRCLE
176.57861713217778,39.91555616194735,0.0,CIRCLE
176.5679269490148,39.9178284305241,0.0,CIRCLE
176.5679269490148,39.9178284305241,0.0,CIRCLE
176.55699794080076,39.9178284305241,0.0,CIRCLE
176.5252395286964,39.9178284305241,0.0,CIRCLE
176.4741946315084,39.9178284305241,0.0,CIRCLE
176.40540616804347,39.9178284305241,0.0,CIRCLE
176.32041705710833,39.9178284305241,0.0,CIRCLE
176.2207702175096,39.9178284305241,0.0,CIRCLE
176.10800856805406,39.9178284305241,0.0,CIRCLE
175.98367502754832,39.9178284305241,0.0,CIRCLE
175.84931251479907,39.9178284305241,0.0,CIRCLE
175.70646394861305,39.9178284305241,0.0,CIRCLE
175.55667224779694,39.9178284305241,0.0,CIRCLE
175.4014803311574,39.917828430524104,0.0,CIRCLE
175.24243111750113,39.917828430524104,0.0,CIRCLE
175.08106752563484,39.917828430524104,0.0,CIRCLE
174.9189324743652,39.917828430524104,0.0,CIRCLE
174.75756888249887,39.917828430524104,0.0,CIRCLE
174.5985196688426,39.917828430524104,0.0,CIRCLE
174.44332775220306,39.917828430524104,0.0,CIRCLE
174.29353605138695,39.9178284305241,0.0,CIRCLE
174.15068748520093,39.9178284305241,0.0,CIRCLE
174.01632497245168,39.917828430524104,0.0,CIRCLE
173.89199143194594,39.917828430524104,0.0,CIRCLE
173.77922978249038,39.917828430524104,0.0,CIRCLE
173.67958294289167,39.917828430524104,0.0,CIRCLE
173.5945938319565,39.917828430524104,0.0,CIRCLE
173.52580536849158,39.917828430524104,0.0,CIRCLE
173.47476047130363,39.917828430524104,0.0,CIRCLE
173.44300205919924,39.917828430524104,0.0,CIRCLE
173.4320730509852,39.917828430524104,0.0,CIRCLE
173.4320730509852,39.917828430524104,0.0,CIRCLE
173.42138286782225,39.91555616194736,0.0,CIRCLE
173.3903184532192,39.90895321678905,0.0,CIRCLE
173.34038900950512,39.89834038590708,0.0,CIRCLE
173.27310373900872,39.88403846015933,0.0,CIRCLE
173.189971844059,39.86636823040371,0.0,CIRCLE
173.09250252698482,39.8456504874981,0.0,CIRCLE
172.98220499011506,39.822206022300385,0.0,CIRCLE
172.86058843577862,39.796355625668475,0.0,CIRCLE
172.7291620663044,39.76842008846027,0.0,CIRCLE
172.58943508402126,39.73872020153363,0.0,CIRCLE
172.44291669125815,39.70757675574649,0.0,CIRCLE
172.29111609034388,39.675310541956705,0.0,CIRCLE
172.13554248360742,39.642242351022205,0.0,CIRCLE
171.97770507337762,39.608692973800856,0.0,CIRCLE
171.81911306198336,39.57498320115056,0.0,CIRCLE
171.66127565175356,39.541433823929204,0.0,CIRCLE
171.50570204501707,39.508365632994696,0.0,CIRCLE
171.35390144410283,39.47609941920493,0.0,CIRCLE
171.2073830513397,39.44495597341778,0.0,CIRCLE
171.06765606905657,39.41525608649115,0.0,CIRCLE
170.93622969958238,39.387320549282926,0.0,CIRCLE
170.81461314524591,39.361470152651016,0.0,CIRCLE
170.7043156083762,39.33802568745331,0.0,CIRCLE
170.60684629130196,39.3173079445477,0.0,CIRCLE
170.52371439635226,39.29963771479208,0.0,CIRCLE
170.4564291258559,39.28533578904433,0.0,CIRCLE
170.40649968214174,39.27472295816236,0.0,CIRCLE
170.37543526753876,39.26812001300405,0.0,CIRCLE
170.36474508437578,39.265847744427305,0.0,CIRCLE
170.36474508437578,39.265847744427305,0.0,CIRCLE
170.3547609385653,39.26140251631418,0.0,CIRCLE
170.3257481854454,39.248485206385425,0.0,CIRCLE
170.27911635148348,39.22772337625703,0.0,CIRCLE
170.2162749631469,39.19974458754498,0.0,CIRCLE
170.13863354690304,39.16517640186521,0.0,CIRCLE
170.04760162921917,39.12464638083372,0.0,CIRCLE
169.94458873656276,39.07878208606647,0.0,CIRCLE
169.8310043954011,39.028211079179435,0.0,CIRCLE
169.7082581322016,38.97356092178858,0.0,CIRCLE
169.57775947343157,38.91545917550989,0.0,CIRCLE
169.44091794555848,38.85453340195932,0.0,CIRCLE
169.29914307504956,38.79141116275286,0.0,CIRCLE
169.15384438837225,38.726720019506466,0.0,CIRCLE
169.00643141199393,38.66108753383611,0.0,CIRCLE
168.85831367238188,38.595141267357775,0.0,CIRCLE
168.71090069600353,38.52950878168742,0.0,CIRCLE
168.56560200932623,38.464817638441026,0.0,CIRCLE
168.42382713881733,38.401695399234555,0.0,CIRCLE
168.28698561094419,38.340769625684,0.0,CIRCLE
168.1564869521742,38.2826678794053,0.0,CIRCLE
168.0337406889747,38.22801772201446,0.0,CIRCLE
167.92015634781302,38.17744671512742,0.0,CIRCLE
167.8171434551566,38.13158242036017,0.0,CIRCLE
167.72611153747278,38.091052399328674,0.0,CIRCLE
167.64847012122888,38.05648421364891,0.0,CIRCLE
167.58562873289227,38.028505424936846,0.0,CIRCLE
167.53899689893035,38.00774359480846,0.0,CIRCLE
167.5099841458105,37.994826284879714,0.0,CIRCLE
167.5,37.99038105676658,0.0,CIRCLE
167.5,37.99038105676658,0.0,CIRCLE
167.49115824662317,37.983957146916175,0.0,CIRCLE
167.46546515151636,37.96529002064501,0.0,CIRCLE
167.42416896221516,37.935286582873125,0.0,CIRCLE
167.36851792625512,37.89485373852059,0.0,CIRCLE
167.29976029117176,37.84489839250745,0.0,CIRCLE
167.21914430450065,37.78632744975377,0.0,CIRCLE
167.12791821377735,37.72004781517961,0.0,CIRCLE
167.02733026653738,37.64696639370503,0.0,CIRCLE
166.91862871031634,37.56799009025008,0.0,CIRCLE
166.80306179264974,37.4840258097348,0.0,CIRCLE
166.68187776107317,37.39598045707928,0.0,CIRCLE
166.55632486312217,37.30476093720356,0.0,CIRCLE
166.42765134633228,37.21127415502769,0.0,CIRCLE
166.29710545823906,37.11642701547174,0.0,CIRCLE
166.16593544637809,37.021126423455755,0.0,CIRCLE
166.03538955828483,36.92627928389981,0.0,CIRCLE
165.90671604149497,36.83279250172394,0.0,CIRCLE
165.78116314354395,36.741572981848215,0.0,CIRCLE
165.65997911196737,36.65352762919269,0.0,CIRCLE
165.54441219430078,36.56956334867742,0.0,CIRCLE
165.43571063807974,36.49058704522247,0.0,CIRCLE
165.33512269083977,36.417505623747886,0.0,CIRCLE
165.2438966001165,36.35122598917372,0.0,CIRCLE
165.16328061344535,36.292655046420045,0.0,CIRCLE
165.094522978362,36.24269970040692,0.0,CIRCLE
165.03887194240193,36.20226685605437,0.0,CIRCLE
164.99757575310073,36.1722634182825,0.0,CIRCLE
164.97188265799394,36.15359629201132,0.0,CIRCLE
164.96304090461712,36.14717238216092,0.0,CIRCLE
164.96304090461712,36.14717238216092,0.0,CIRCLE
164.95572797072393,36.13905054625904,0.0,CIRCLE
164.9344774451756,36.11544944663831,0.0,CIRCLE
164.90032174216861,36.07751569542604,0.0,CIRCLE
164.85429327589986,36.026395904749535,0.0,CIRCLE
164.7974244605659,35.96323668673615,0.0,CIRCLE
164.73074771036352,35.88918465351319,0.0,CIRCLE
164.65529543948924,35.80538641720799,0.0,CIRCLE
164.5721000621399,35.71298858994786,0.0,CIRCLE
164.48219399251212,35.613137783860125,0.0,CIRCLE
164.38660964480258,35.50698061107212,0.0,CIRCLE
164.28637943320797,35.39566368371116,0.0,CIRCLE
164.18253577192493,35.28033361390457,0.0,CIRCLE
164.07611107515024,35.16213701377967,0.0,CIRCLE
163.96813775708048,35.04222049546378,0.0,CIRCLE
163.85964823191242,34.921730671084234,0.0,CIRCLE
163.75167491384266,34.80181415276835,0.0,CIRCLE
163.64525021706797,34.68361755264345,0.0,CIRCLE
163.54140655578493,34.56828748283685,0.0,CIRCLE
163.44117634419032,34.45697055547589,0.0,CIRCLE
163.34559199648078,34.35081338268788,0.0,CIRCLE
163.25568592685298,34.25096257660015,0.0,CIRCLE
163.17249054950364,34.15856474934002,0.0,CIRCLE
163.09703827862938,34.07476651303482,0.0,CIRCLE
163.03036152842697,34.00071447981186,0.0,CIRCLE
162.97349271309304,33.93755526179848,0.0,CIRCLE
162.92746424682426,33.886435471121985,0.0,CIRCLE
162.89330854381734,33.848501719909706,0.0,CIRCLE
162.87205801826897,33.82490062028897,0.0,CIRCLE
162.86474508437578,33.8167787843871,0.0,CIRCLE
162.86474508437578,33.8167787843871,0.0,CIRCLE
162.85928058026875,33.80731398563556,0.0,CIRCLE
162.84340137421657,33.77981039396933,0.0,CIRCLE
162.81787892562258,33.735604216270964,0.0,CIRCLE
162.78348469389013,33.67603165942305,0.0,CIRCLE
162.74099013842255,33.60242893030815,0.0,CIRCLE
162.6911667186232,33.51613223580883,0.0,CIRCLE
162.6347858938954,33.41847778280767,0.0,CIRCLE
162.57261912364254,33.31080177818723,0.0,CIRCLE
162.50543786726791,33.19444042883009,0.0,CIRCLE
162.43401358417492,33.070729941618815,0.0,CIRCLE
162.35911773376682,32.94100652343597,0.0,CIRCLE
162.2815217754471,32.80660638116414,0.0,CIRCLE
162.20199716861893,32.66886572168587,0.0,CIRCLE
162.12131537268579,32.52912075188375,0.0,CIRCLE
162.04024784705095,32.388707678640344,0.0,CIRCLE
161.9595660511178,32.24896270883823,0.0,CIRCLE
161.88004144428967,32.11122204935997,0.0,CIRCLE
161.80244548596994,31.976821907088127,0.0,CIRCLE
161.72754963556187,31.84709848890528,0.0,CIRCLE
161.65612535246885,31.723388001694005,0.0,CIRCLE
161.58894409609425,31.607026652336863,0.0,CIRCLE
161.52677732584138,31.499350647716426,0.0,CIRCLE
161.47039650111356,31.401696194715264,0.0,CIRCLE
161.42057308131422,31.315399500215946,0.0,CIRCLE
161.37807852584666,31.241796771101047,0.0,CIRCLE
161.34368429411418,31.18222421425313,0.0,CIRCLE
161.31816184552017,31.13801803655477,0.0,CIRCLE
161.302282639468,31.110514444888537,0.0,CIRCLE
161.29681813536098,31.101049646137,0.0,CIRCLE
161.29681813536098,31.101049646137,0.0,CIRCLE
161.29344088609116,31.090655541658382,0.0,CIRCLE
161.28362699703658,31.060451496879338,0.0,CIRCLE
161.26785325632935,31.01190491478509,0.0,CIRCLE
161.24659645210176,30.946483198360855,0.0,CIRCLE
161.22033337248598,30.86565375059184,0.0,CIRCLE
161.18954080561423,30.770883974463267,0.0,CIRCLE
161.1546955396187,30.663641272960355,0.0,CIRCLE
161.1162743626316,30.54539304906832,0.0,CIRCLE
161.07475406278516,30.417606705772375,0.0,CIRCLE
161.0306114282116,30.281749646057737,0.0,CIRCLE
160.9843232470431,30.13928927290963,0.0,CIRCLE
160.93636630741184,29.99169298931326,0.0,CIRCLE
160.8872173974501,29.84042819825385,0.0,CIRCLE
160.83735330529,29.68696230271662,0.0,CIRCLE
160.78725081906384,29.53276270568677,0.0,CIRCLE
160.7373867269038,29.37929681014954,0.0,CIRCLE
160.688237816942,29.22803201909013,0.0,CIRCLE
160.6402808773108,29.08043573549376,0.0,CIRCLE
160.59399269614227,28.93797536234565,0.0,CIRCLE
160.54985006156872,28.802118302631015,0.0,CIRCLE
160.50832976172225,28.67433195933507,0.0,CIRCLE
160.4699085847352,28.556083735443035,0.0,CIRCLE
160.43506331873965,28.44884103394012,0.0,CIRCLE
160.4042707518679,28.35407125781155,0.0,CIRCLE
160.37800767225212,28.27324181004254,0.0,CIRCLE
160.35675086802453,28.207820093618302,0.0,CIRCLE
160.3409771273173,28.15927351152405,0.0,CIRCLE
160.33116323826272,28.12906946674501,0.0,CIRCLE
160.3277859889929,28.11867536226639,0.0,CIRCLE
160.3277859889929,28.11867536226639,0.0,CIRCLE
160.32664359655925,28.107806224302855,0.0,CIRCLE
160.32332393854617,28.076221788102938,0.0,CIRCLE
160.31798829388543,28.025456520202663,0.0,CIRCLE
160.3107979415089,27.957044887138068,0.0,CIRCLE
160.3019141603484,27.87252135544517,0.0,CIRCLE
160.29149822933564,27.77342039166,0.0,CIRCLE
160.27971142740253,27.661276462318593,0.0,CIRCLE
160.26671503348084,27.53762403395697,0.0,CIRCLE
160.2526703265024,27.403997573111166,0.0,CIRCLE
160.23773858539897,27.2619315463172,0.0,CIRCLE
160.22208108910243,27.11296042011111,0.0,CIRCLE
160.2058591165445,26.958618661028922,0.0,CIRCLE
160.1892339466571,26.80044073560666,0.0,CIRCLE
160.17236685837196,26.63996111038036,0.0,CIRCLE
160.15541913062094,26.47871425188604,0.0,CIRCLE
160.13855204233582,26.318234626659738,0.0,CIRCLE
160.1219268724484,26.160056701237476,0.0,CIRCLE
160.10570489989047,26.005714942155286,0.0,CIRCLE
160.09004740359393,25.856743815949198,0.0,CIRCLE
160.07511566249053,25.714677789155232,0.0,CIRCLE
160.06107095551206,25.581051328309428,0.0,CIRCLE
160.04807456159037,25.457398899947805,0.0,CIRCLE
160.03628775965726,25.345254970606398,0.0,CIRCLE
160.0258718286445,25.246154006821232,0.0,CIRCLE
160.01698804748398,25.16163047512833,0.0,CIRCLE
160.00979769510747,25.09321884206373,0.0,CIRCLE
160.00446205044673,25.04245357416346,0.0,CIRCLE
160.00114239243365,25.010869137963546,0.0,CIRCLE
160.0,25.000000000000007,0.0,CIRCLE
160.0,25.000000000000007,0.0,CIRCLE
160.00114239243365,24.989130862036472,0.0,CIRCLE
160.00446205044673,24.957546425836558,0.0,CIRCLE
160.00979769510747,24.90678115793628,0.0,CIRCLE
160.016988047484,24.83836952487168,0.0,CIRCLE
160.0258718286445,24.753845993178786,0.0,CIRCLE
160.03628775965726,24.654745029393617,0.0,CIRCLE
160.04807456159037,24.542601100052206,0.0,CIRCLE
160.06107095551206,24.418948671690586,0.0,CIRCLE
160.0751156624905,24.28532221084478,0.0,CIRCLE
160.09004740359393,24.143256184050816,0.0,CIRCLE
160.10570489989047,23.994285057844724,0.0,CIRCLE
160.1219268724484,23.839943298762535,0.0,CIRCLE
160.1385520423358,23.681765373340273,0.0,CIRCLE
160.15541913062094,23.521285748113968,0.0,CIRCLE
160.17236685837196,23.360038889619652,0.0,CIRCLE
160.18923394665708,23.199559264393347,0.0,CIRCLE
160.2058591165445,23.041381338971085,0.0,CIRCLE
160.22208108910243,22.887039579888892,0.0,CIRCLE
160.23773858539897,22.738068453682807,0.0,CIRCLE
160.25267032650237,22.59600242688884,0.0,CIRCLE
160.26671503348084,22.462375966043037,0.0,CIRCLE
160.27971142740253,22.338723537681414,0.0,CIRCLE
160.29149822933564,22.226579608340003,0.0,CIRCLE
160.3019141603484,22.127478644554834,0.0,CIRCLE
160.31079794150892,22.042955112861936,0.0,CIRCLE
160.31798829388543,21.97454347979734,0.0,CIRCLE
160.32332393854617,21.923778211897062,0.0,CIRCLE
160.32664359655925,21.892193775697148,0.0,CIRCLE
160.3277859889929,21.881324637733613,0.0,CIRCLE
160.3277859889929,21.881324637733613,0.0,CIRCLE
160.33116323826272,21.870930533254995,0.0,CIRCLE
160.3409771273173,21.84072648847595,0.0,CIRCLE
160.35675086802453,21.792179906381705,0.0,CIRCLE
160.37800767225212,21.72675818995747,0.0,CIRCLE
160.4042707518679,21.645928742188453,0.0,CIRCLE
160.43506331873965,21.55115896605988,0.0,CIRCLE
160.46990858473518,21.443916264556968,0.0,CIRCLE
160.50832976172228,21.32566804066493,0.0,CIRCLE
160.54985006156872,21.197881697368988,0.0,CIRCLE
160.59399269614227,21.06202463765435,0.0,CIRCLE
160.64028087731077,20.919564264506242,0.0,CIRCLE
160.68823781694203,20.77196798090987,0.0,CIRCLE
160.7373867269038,20.62070318985046,0.0,CIRCLE
160.78725081906387,20.467237294313225,0.0,CIRCLE
160.83735330529004,20.313037697283384,0.0,CIRCLE
160.8872173974501,20.159571801746146,0.0,CIRCLE
160.93636630741187,20.00830701068674,0.0,CIRCLE
160.98432324704308,19.860710727090368,0.0,CIRCLE
161.0306114282116,19.71825035394226,0.0,CIRCLE
161.07475406278516,19.58239329422762,0.0,CIRCLE
161.11627436263163,19.45460695093168,0.0,CIRCLE
161.15469553961867,19.33635872703964,0.0,CIRCLE
161.18954080561423,19.22911602553673,0.0,CIRCLE
161.22033337248598,19.134346249408157,0.0,CIRCLE
161.24659645210176,19.053516801639145,0.0,CIRCLE
161.26785325632935,18.988095085214905,0.0,CIRCLE
161.28362699703658,18.939548503120655,0.0,CIRCLE
161.29344088609116,18.909344458341614,0.0,CIRCLE
161.29681813536098,18.898950353862997,0.0,CIRCLE
161.29681813536098,18.898950353862997,0.0,CIRCLE
161.30228263946802,18.88948555511146,0.0,CIRCLE
161.3181618455202,18.861981963445224,0.0,CIRCLE
161.34368429411418,18.817775785746864,0.0,CIRCLE
161.37807852584663,18.75820322889895,0.0,CIRCLE
161.42057308131422,18.68460049978405,0.0,CIRCLE
161.47039650111356,18.598303805284733,0.0,CIRCLE
161.52677732584135,18.50064935228357,0.0,CIRCLE
161.58894409609422,18.392973347663133,0.0,CIRCLE
161.65612535246885,18.27661199830599,0.0,CIRCLE
161.72754963556184,18.152901511094715,0.0,CIRCLE
161.80244548596994,18.023178092911873,0.0,CIRCLE
161.88004144428967,17.888777950640034,0.0,CIRCLE
161.95956605111783,17.75103729116177,0.0,CIRCLE
162.04024784705098,17.61129232135965,0.0,CIRCLE
162.1213153726858,17.470879248116248,0.0,CIRCLE
162.20199716861896,17.331134278314128,0.0,CIRCLE
162.2815217754471,17.193393618835866,0.0,CIRCLE
162.35911773376682,17.05899347656403,0.0,CIRCLE
162.4340135841749,16.929270058381185,0.0,CIRCLE
162.50543786726791,16.80555957116991,0.0,CIRCLE
162.5726191236425,16.689198221812763,0.0,CIRCLE
162.63478589389538,16.58152221719233,0.0,CIRCLE
162.6911667186232,16.483867764191167,0.0,CIRCLE
162.74099013842255,16.39757106969185,0.0,CIRCLE
162.7834846938901,16.323968340576947,0.0,CIRCLE
162.81787892562258,16.264395783729036,0.0,CIRCLE
162.8434013742166,16.220189606030672,0.0,CIRCLE
162.85928058026877,16.19268601436444,0.0,CIRCLE
162.86474508437578,16.183221215612903,0.0,CIRCLE
162.86474508437578,16.183221215612903,0.0,CIRCLE
162.87205801826897,16.17509937971103,0.0,CIRCLE
162.8933085438173,16.151498280090294,0.0,CIRCLE
162.9274642468243,16.11356452887802,0.0,CIRCLE
162.97349271309304,16.062444738201524,0.0,CIRCLE
163.030361528427,15.999285520188138,0.0,CIRCLE
163.09703827862938,15.925233486965181,0.0,CIRCLE
163.17249054950366,15.841435250659977,0.0,CIRCLE
163.255685926853,15.749037423399848,0.0,CIRCLE
163.34559199648078,15.649186617312118,0.0,CIRCLE
163.44117634419032,15.54302944452411,0.0,CIRCLE
163.54140655578493,15.43171251716315,0.0,CIRCLE
163.64525021706797,15.316382447356556,0.0,CIRCLE
163.75167491384266,15.198185847231656,0.0,CIRCLE
163.85964823191242,15.078269328915772,0.0,CIRCLE
163.96813775708048,14.957779504536223,0.0,CIRCLE
164.07611107515024,14.837862986220337,0.0,CIRCLE
164.18253577192493,14.719666386095437,0.0,CIRCLE
164.28637943320797,14.604336316288842,0.0,CIRCLE
164.38660964480258,14.493019388927882,0.0,CIRCLE
164.48219399251212,14.386862216139875,0.0,CIRCLE
164.57210006213992,14.287011410052147,0.0,CIRCLE
164.65529543948927,14.194613582792016,0.0,CIRCLE
164.73074771036352,14.110815346486813,0.0,CIRCLE
164.79742446056594,14.036763313263855,0.0,CIRCLE
164.85429327589986,13.973604095250467,0.0,CIRCLE
164.90032174216864,13.922484304573976,0.0,CIRCLE
164.93447744517556,13.884550553361699,0.0,CIRCLE
164.95572797072393,13.860949453740961,0.0,CIRCLE
164.96304090461712,13.85282761783909,0.0,CIRCLE
164.96304090461712,13.85282761783909,0.0,CIRCLE
164.97188265799394,13.846403707988687,0.0,CIRCLE
164.99757575310076,13.827736581717515,0.0,CIRCLE
165.03887194240195,13.797733143945631,0.0,CIRCLE
165.094522978362,13.757300299593096,0.0,CIRCLE
165.16328061344535,13.70734495357996,0.0,CIRCLE
165.24389660011647,13.648774010826283,0.0,CIRCLE
165.33512269083977,13.582494376252125,0.0,CIRCLE
165.43571063807974,13.50941295477754,0.0,CIRCLE
165.54441219430078,13.430436651322584,0.0,CIRCLE
165.65997911196737,13.346472370807314,0.0,CIRCLE
165.78116314354395,13.258427018151789,0.0,CIRCLE
165.90671604149495,13.167207498276065,0.0,CIRCLE
166.03538955828483,13.073720716100198,0.0,CIRCLE
166.16593544637806,12.978873576544245,0.0,CIRCLE
166.29710545823903,12.883572984528266,0.0,CIRCLE
166.42765134633228,12.788725844972316,0.0,CIRCLE
166.55632486312214,12.695239062796448,0.0,CIRCLE
166.68187776107317,12.604019542920724,0.0,CIRCLE
166.80306179264974,12.515974190265199,0.0,CIRCLE
166.91862871031634,12.43200990974993,0.0,CIRCLE
167.02733026653738,12.353033606294975,0.0,CIRCLE
167.12791821377735,12.279952184820388,0.0,CIRCLE
167.21914430450062,12.213672550246228,0.0,CIRCLE
167.29976029117176,12.155101607492552,0.0,CIRCLE
167.36851792625512,12.105146261479419,0.0,CIRCLE
167.4241689622152,12.064713417126882,0.0,CIRCLE
167.46546515151638,12.034709979354998,0.0,CIRCLE
167.49115824662317,12.016042853083828,0.0,CIRCLE
167.5,12.009618943233423,0.0,CIRCLE
167.5,12.009618943233423,0.0,CIRCLE
167.50998414581048,12.005173715120293,0.0,CIRCLE
167.53899689893038,11.992256405191547,0.0,CIRCLE
167.5856287328923,11.971494575063156,0.0,CIRCLE
167.64847012122888,11.943515786351092,0.0,CIRCLE
167.72611153747275,11.90894760067133,0.0,CIRCLE
167.8171434551566,11.86841757963984,0.0,CIRCLE
167.92015634781302,11.822553284872589,0.0,CIRCLE
168.0337406889747,11.771982277985552,0.0,CIRCLE
168.1564869521742,11.717332120594701,0.0,CIRCLE
168.2869856109442,11.659230374316007,0.0,CIRCLE
168.4238271388173,11.598304600765442,0.0,CIRCLE
168.56560200932623,11.535182361558975,0.0,CIRCLE
168.71090069600353,11.47049121831258,0.0,CIRCLE
168.85831367238185,11.404858732642229,0.0,CIRCLE
169.0064314119939,11.338912466163892,0.0,CIRCLE
169.15384438837225,11.27327998049354,0.0,CIRCLE
169.29914307504956,11.208588837247145,0.0,CIRCLE
169.44091794555845,11.145466598040677,0.0,CIRCLE
169.5777594734316,11.084540824490114,0.0,CIRCLE
169.7082581322016,11.02643907821142,0.0,CIRCLE
169.8310043954011,10.971788920820568,0.0,CIRCLE
169.94458873656276,10.921217913933532,0.0,CIRCLE
170.04760162921917,10.875353619166283,0.0,CIRCLE
170.138633546903,10.83482359813479,0.0,CIRCLE
170.2162749631469,10.800255412455028,0.0,CIRCLE
170.2791163514835,10.772276623742966,0.0,CIRCLE
170.32574818544543,10.751514793614575,0.0,CIRCLE
170.35476093856528,10.73859748368583,0.0,CIRCLE
170.36474508437578,10.734152255572697,0.0,CIRCLE
170.36474508437578,10.734152255572697,0.0,CIRCLE
170.37543526753873,10.731879986995953,0.0,CIRCLE
170.40649968214177,10.725277041837646,0.0,CIRCLE
170.45642912585586,10.714664210955675,0.0,CIRCLE
170.52371439635226,10.700362285207929,0.0,CIRCLE
170.606846291302,10.682692055452302,0.0,CIRCLE
170.70431560837616,10.661974312546688,0.0,CIRCLE
170.81461314524591,10.63852984734898,0.0,CIRCLE
170.93622969958236,10.612679450717073,0.0,CIRCLE
171.06765606905657,10.584743913508857,0.0,CIRCLE
171.20738305133972,10.555044026582229,0.0,CIRCLE
171.35390144410283,10.52390058079508,0.0,CIRCLE
171.5057020450171,10.491634367005304,0.0,CIRCLE
171.66127565175356,10.458566176070795,0.0,CIRCLE
171.81911306198336,10.425016798849446,0.0,CIRCLE
171.97770507337762,10.39130702619915,0.0,CIRCLE
172.13554248360742,10.3577576489778,0.0,CIRCLE
172.2911160903439,10.324689458043293,0.0,CIRCLE
172.44291669125815,10.292423244253518,0.0,CIRCLE
172.5894350840213,10.261279798466369,0.0,CIRCLE
172.7291620663044,10.23157991153974,0.0,CIRCLE
172.8605884357786,10.203644374331526,0.0,CIRCLE
172.98220499011506,10.177793977699617,0.0,CIRCLE
173.0925025269848,10.15434951250191,0.0,CIRCLE
173.18997184405902,10.133631769596295,0.0,CIRCLE
173.27310373900872,10.115961539840669,0.0,CIRCLE
173.3403890095051,10.101659614092924,0.0,CIRCLE
173.39031845321924,10.09104678321095,0.0,CIRCLE
173.42138286782222,10.084443838052644,0.0,CIRCLE
173.4320730509852,10.0821715694759,0.0,CIRCLE
173.4320730509852,10.0821715694759,0.0,CIRCLE
173.44300205919924,10.0821715694759,0.0,CIRCLE
173.4747604713036,10.0821715694759,0.0,CIRCLE
173.5258053684916,10.0821715694759,0.0,CIRCLE
173.59459383195653,10.0821715694759,0.0,CIRCLE
173.67958294289167,10.0821715694759,0.0,CIRCLE
173.7792297824904,10.0821715694759,0.0,CIRCLE
173.89199143194594,10.0821715694759,0.0,CIRCLE
174.01632497245168,10.0821715694759,0.0,CIRCLE
174.15068748520093,10.0821715694759,0.0,CIRCLE
174.29353605138695,10.0821715694759,0.0,CIRCLE
174.44332775220306,10.0821715694759,0.0,CIRCLE
174.5985196688426,10.082171569475898,0.0,CIRCLE
174.75756888249887,10.082171569475898,0.0,CIRCLE
174.91893247436516,10.082171569475898,0.0,CIRCLE
175.0810675256348,10.082171569475898,0.0,CIRCLE
175.24243111750113,10.082171569475898,0.0,CIRCLE
175.4014803311574,10.082171569475898,0.0,CIRCLE
175.55667224779694,10.082171569475898,0.0,CIRCLE
175.70646394861305,10.0821715694759,0.0,CIRCLE
175.84931251479907,10.0821715694759,0.0,CIRCLE
175.98367502754832,10.082171569475898,0.0,CIRCLE
176.10800856805406,10.082171569475898,0.0,CIRCLE
176.22077021750962,10.082171569475898,0.0,CIRCLE
176.32041705710833,10.082171569475898,0.0,CIRCLE
176.4054061680435,10.082171569475898,0.0,CIRCLE
176.47419463150842,10.082171569475898,0.0,CIRCLE
176.52523952869637,10.082171569475898,0.0,CIRCLE
176.55699794080076,10.082171569475898,0.0,CIRCLE
176.5679269490148,10.082171569475898,0.0,CIRCLE
176.5679269490148,10.082171569475898,0.0,CIRCLE
176.57861713217775,10.084443838052643,0.0,CIRCLE
176.6096815467808,10.091046783210949,0.0,CIRCLE
176.65961099049488,10.10165961409292,0.0,CIRCLE
176.72689626099128,10.115961539840667,0.0,CIRCLE
176.810028155941,10.133631769596294,0.0,CIRCLE
176.90749747301518,10.154349512501907,0.0,CIRCLE
177.01779500988494,10.177793977699615,0.0,CIRCLE
177.13941156422138,10.203644374331523,0.0,CIRCLE
177.2708379336956,10.231579911539738,0.0,CIRCLE
177.41056491597874,10.261279798466367,0.0,CIRCLE
177.55708330874185,10.292423244253515,0.0,CIRCLE
177.70888390965612,10.324689458043292,0.0,CIRCLE
177.86445751639258,10.3577576489778,0.0,CIRCLE
178.02229492662238,10.391307026199149,0.0,CIRCLE
178.18088693801664,10.425016798849445,0.0,CIRCLE
178.33872434824644,10.458566176070795,0.0,CIRCLE
178.49429795498293,10.491634367005302,0.0,CIRCLE
178.64609855589717,10.523900580795077,0.0,CIRCLE
178.7926169486603,10.555044026582227,0.0,CIRCLE
178.93234393094343,10.584743913508856,0.0,CIRCLE
179.06377030041762,10.612679450717069,0.0,CIRCLE
179.18538685475409,10.638529847348979,0.0,CIRCLE
179.2956843916238,10.661974312546686,0.0,CIRCLE
179.39315370869804,10.6826920554523,0.0,CIRCLE
179.47628560364774,10.700362285207927,0.0,CIRCLE
179.5435708741441,10.714664210955672,0.0,CIRCLE
179.59350031785826,10.725277041837645,0.0,CIRCLE
179.62456473246124,10.731879986995951,0.0,CIRCLE
179.63525491562422,10.734152255572695,0.0,CIRCLE
179.63525491562422,10.734152255572695,0.0,CIRCLE
179.6452390614347,10.738597483685826,0.0,CIRCLE
179.6742518145546,10.751514793614572,0.0,CIRCLE
179.72088364851652,10.772276623742963,0.0,CIRCLE
179.7837250368531,10.800255412455027,0.0,CIRCLE
179.86136645309696,10.834823598134788,0.0,CIRCLE
179.95239837078083,10.87535361916628,0.0,CIRCLE
180.05541126343724,10.92121791393353,0.0,CIRCLE
180.1689956045989,10.971788920820567,0.0,CIRCLE
180.2917418677984,11.026439078211418,0.0,CIRCLE
180.42224052656843,11.084540824490112,0.0,CIRCLE
180.55908205444152,11.145466598040677,0.0,CIRCLE
180.70085692495044,11.208588837247143,0.0,CIRCLE
180.84615561162775,11.27327998049354,0.0,CIRCLE
180.99356858800607,11.33891246616389,0.0,CIRCLE
181.14168632761812,11.404858732642227,0.0,CIRCLE
181.28909930399647,11.47049121831258,0.0,CIRCLE
181.43439799067377,11.535182361558974,0.0,CIRCLE
181.57617286118267,11.598304600765442,0.0,CIRCLE
181.71301438905581,11.659230374316005,0.0,CIRCLE
181.8435130478258,11.7173321205947,0.0,CIRCLE
181.9662593110253,11.77198227798555,0.0,CIRCLE
182.07984365218698,11.822553284872587,0.0,CIRCLE
182.1828565448434,11.868417579639836,0.0,CIRCLE
182.27388846252722,11.908947600671329,0.0,CIRCLE
182.35152987877112,11.94351578635109,0.0,CIRCLE
182.41437126710773,11.971494575063153,0.0,CIRCLE
182.46100310106965,11.992256405191544,0.0,CIRCLE
182.4900158541895,12.00517371512029,0.0,CIRCLE
182.5,12.009618943233422,0.0,CIRCLE
182.5,12.009618943233422,0.0,CIRCLE
182.50884175337683,12.016042853083825,0.0,CIRCLE
182.53453484848364,12.034709979354997,0.0,CIRCLE
182.57583103778484,12.06471341712688,0.0,CIRCLE
182.63148207374488,12.105146261479415,0.0,CIRCLE
182.70023970882824,12.15510160749255,0.0,CIRCLE
182.78085569549935,12.213672550246226,0.0,CIRCLE
182.87208178622265,12.279952184820386,0.0,CIRCLE
182.97266973346262,12.353033606294971,0.0,CIRCLE
183.08137128968366,12.432009909749928,0.0,CIRCLE
183.19693820735026,12.515974190265197,0.0,CIRCLE
183.31812223892683,12.604019542920723,0.0,CIRCLE
183.44367513687783,12.695239062796446,0.0,CIRCLE
183.57234865366772,12.788725844972312,0.0,CIRCLE
183.70289454176094,12.883572984528264,0.0,CIRCLE
183.83406455362191,12.978873576544247,0.0,CIRCLE
183.96461044171517,13.073720716100198,0.0,CIRCLE
184.09328395850503,13.167207498276065,0.0,CIRCLE
184.21883685645605,13.258427018151789,0.0,CIRCLE
184.34002088803263,13.346472370807312,0.0,CIRCLE
184.45558780569922,13.430436651322582,0.0,CIRCLE
184.56428936192026,13.50941295477754,0.0,CIRCLE
184.66487730916023,13.582494376252125,0.0,CIRCLE
184.7561033998835,13.648774010826285,0.0,CIRCLE
184.83671938655465,13.707344953579959,0.0,CIRCLE
184.905477021638,13.757300299593096,0.0,CIRCLE
184.96112805759807,13.797733143945631,0.0,CIRCLE
185.00242424689927,13.827736581717515,0.0,CIRCLE
185.02811734200606,13.846403707988685,0.0,CIRCLE
185.03695909538288,13.85282761783909,0.0,CIRCLE
185.03695909538288,13.85282761783909,0.0,CIRCLE
185.04427202927607,13.860949453740963,0.0,CIRCLE
185.0655225548244,13.884550553361697,0.0,CIRCLE
185.09967825783139,13.922484304573974,0.0,CIRCLE
185.14570672410014,13.973604095250469,0.0,CIRCLE
185.2025755394341,14.036763313263855,0.0,CIRCLE
185.26925228963648,14.110815346486811,0.0,CIRCLE
185.34470456051076,14.194613582792016,0.0,CIRCLE
185.4278999378601,14.287011410052145,0.0,CIRCLE
185.51780600748788,14.386862216139873,0.0,CIRCLE
185.61339035519742,14.49301938892788,0.0,CIRCLE
185.71362056679203,14.604336316288842,0.0,CIRCLE
185.81746422807507,14.719666386095435,0.0,CIRCLE
185.92388892484976,14.837862986220337,0.0,CIRCLE
186.03186224291952,14.957779504536221,0.0,CIRCLE
186.14035176808758,15.078269328915768,0.0,CIRCLE
186.24832508615734,15.198185847231654,0.0,CIRCLE
186.35474978293203,15.316382447356556,0.0,CIRCLE
186.45859344421507,15.431712517163149,0.0,CIRCLE
186.55882365580968,15.543029444524107,0.0,CIRCLE
186.65440800351922,15.649186617312116,0.0,CIRCLE
186.74431407314702,15.749037423399846,0.0,CIRCLE
186.82750945049636,15.841435250659973,0.0,CIRCLE
186.90296172137062,15.925233486965176,0.0,CIRCLE
186.96963847157303,15.999285520188135,0.0,CIRCLE
187.02650728690696,16.062444738201524,0.0,CIRCLE
187.07253575317574,16.113564528878015,0.0,CIRCLE
187.10669145618266,16.151498280090294,0.0,CIRCLE
187.12794198173103,16.17509937971103,0.0,CIRCLE
187.13525491562422,16.1832212156129,0.0,CIRCLE
187.13525491562422,16.1832212156129,0.0,CIRCLE
187.14071941973125,16.192686014364437,0.0,CIRCLE
187.15659862578343,16.220189606030672,0.0,CIRCLE
187.18212107437742,16.264395783729032,0.0,CIRCLE
187.21651530610987,16.323968340576947,0.0,CIRCLE
187.25900986157745,16.397571069691846,0.0,CIRCLE
187.3088332813768,16.483867764191164,0.0,CIRCLE
187.3652141061046,16.581522217192326,0.0,CIRCLE
187.42738087635746,16.689198221812763,0.0,CIRCLE
187.49456213273209,16.805559571169905,0.0,CIRCLE
187.56598641582508,16.929270058381185,0.0,CIRCLE
187.64088226623318,17.058993476564023,0.0,CIRCLE
187.7184782245529,17.193393618835866,0.0,CIRCLE
187.79800283138107,17.331134278314128,0.0,CIRCLE
187.87868462731421,17.470879248116244,0.0,CIRCLE
187.95975215294905,17.611292321359652,0.0,CIRCLE
188.0404339488822,17.751037291161765,0.0,CIRCLE
188.11995855571033,17.888777950640034,0.0,CIRCLE
188.19755451403006,18.02317809291187,0.0,CIRCLE
188.27245036443813,18.152901511094715,0.0,CIRCLE
188.34387464753115,18.27661199830599,0.0,CIRCLE
188.41105590390575,18.392973347663133,0.0,CIRCLE
188.47322267415862,18.500649352283574,0.0,CIRCLE
188.52960349888644,18.598303805284733,0.0,CIRCLE
188.57942691868578,18.68460049978405,0.0,CIRCLE
188.62192147415334,18.75820322889895,0.0,CIRCLE
188.65631570588582,18.817775785746864,0.0,CIRCLE
188.68183815447983,18.861981963445224,0.0,CIRCLE
188.697717360532,18.889485555111456,0.0,CIRCLE
188.70318186463902,18.898950353862997,0.0,CIRCLE
188.70318186463902,18.898950353862997,0.0,CIRCLE
188.70655911390884,18.909344458341614,0.0,CIRCLE
188.71637300296342,18.93954850312066,0.0,CIRCLE
188.73214674367065,18.988095085214905,0.0,CIRCLE
188.75340354789824,19.053516801639145,0.0,CIRCLE
188.77966662751402,19.134346249408157,0.0,CIRCLE
188.81045919438577,19.22911602553673,0.0,CIRCLE
188.8453044603813,19.336358727039645,0.0,CIRCLE
188.8837256373684,19.45460695093168,0.0,CIRCLE
188.92524593721484,19.582393294227625,0.0,CIRCLE
188.9693885717884,19.71825035394226,0.0,CIRCLE
189.0156767529569,19.86071072709037,0.0,CIRCLE
189.06363369258816,20.008307010686742,0.0,CIRCLE
189.1127826025499,20.15957180174615,0.0,CIRCLE
189.16264669471,20.313037697283388,0.0,CIRCLE
189.21274918093616,20.46723729431323,0.0,CIRCLE
189.2626132730962,20.620703189850463,0.0,CIRCLE
189.311762183058,20.771967980909874,0.0,CIRCLE
189.3597191226892,20.919564264506242,0.0,CIRCLE
189.40600730385773,21.062024637654353,0.0,CIRCLE
189.45014993843128,21.19788169736899,0.0,CIRCLE
189.49167023827775,21.325668040664933,0.0,CIRCLE
189.5300914152648,21.443916264556968,0.0,CIRCLE
189.56493668126035,21.55115896605988,0.0,CIRCLE
189.5957292481321,21.645928742188456,0.0,CIRCLE
189.62199232774788,21.726758189957472,0.0,CIRCLE
189.64324913197547,21.79217990638171,0.0,CIRCLE
189.6590228726827,21.84072648847596,0.0,CIRCLE
189.66883676173728,21.870930533255,0.0,CIRCLE
189.6722140110071,21.881324637733616,0.0,CIRCLE
189.6722140110071,21.881324637733616,0.0,CIRCLE
189.67335640344075,21.89219377569715,0.0,CIRCLE
189.67667606145383,21.92377821189707,0.0,CIRCLE
189.68201170611457,21.974543479797344,0.0,CIRCLE
189.6892020584911,22.04295511286194,0.0,CIRCLE
189.6980858396516,22.127478644554838,0.0,CIRCLE
189.70850177066436,22.226579608340007,0.0,CIRCLE
189.72028857259747,22.33872353768141,0.0,CIRCLE
189.73328496651916,22.462375966043034,0.0,CIRCLE
189.7473296734976,22.59600242688884,0.0,CIRCLE
189.76226141460103,22.7380684536828,0.0,CIRCLE
189.77791891089757,22.887039579888892,0.0,CIRCLE
189.7941408834555,23.041381338971078,0.0,CIRCLE
189.8107660533429,23.199559264393336,0.0,CIRCLE
189.82763314162804,23.36003888961964,0.0,CIRCLE
189.84458086937906,23.521285748113957,0.0,CIRCLE
189.86144795766418,23.68176537334026,0.0,CIRCLE
189.8780731275516,23.83994329876252,0.0,CIRCLE
189.89429510010953,23.994285057844706,0.0,CIRCLE
189.90995259640607,24.1432561840508,0.0,CIRCLE
189.92488433750947,24.28532221084476,0.0,CIRCLE
189.93892904448794,24.418948671690565,0.0,CIRCLE
189.95192543840963,24.542601100052188,0.0,CIRCLE
189.96371224034274,24.654745029393595,0.0,CIRCLE
189.9741281713555,24.75384599317876,0.0,CIRCLE
189.98301195251602,24.83836952487166,0.0,CIRCLE
189.99020230489253,24.90678115793626,0.0,CIRCLE
189.99553794955327,24.957546425836533,0.0,CIRCLE
189.99885760756635,24.989130862036447,0.0,CIRCLE
190.0,24.999999999999982,0.0,CIRCLE
190.0,24.999999999999982,0.0,CIRCLE
190.0,24.999999999999982,0.0,CIRCLE
190.0,24.999999999999982,0.0,CIRCLE
190.0,24.999999999999982,0.0,CIRCLE
190.0,24.999999999999982,0.0,CIRCLE
190.0,24.999999999999982,0.0,CIRCLE
190.0,24.999999999999986,0.0,CIRCLE
190.0,24.999999999999986,0.0,CIRCLE
190.0,24.999999999999986,0.0,CIRCLE
190.0,24.999999999999986,0.0,CIRCLE
190.0,24.99999999999999,0.0,CIRCLE
190.0,24.999999999999986,0.0,CIRCLE
190.0,24.99999999999999,0.0,CIRCLE
190.0,24.99999999999999,0.0,CIRCLE
190.0,24.99999999999999,0.0,CIRCLE
190.0,24.999999999999993,0.0,CIRCLE
190.0,24.999999999999993,0.0,CIRCLE
190.0,24.999999999999993,0.0,CIRCLE
190.0,24.999999999999996,0.0,CIRCLE
190.0,24.999999999999993,0.0,CIRCLE
190.0,24.999999999999996,0.0,CIRCLE
190.0,24.999999999999996,0.0,CIRCLE
190.0,25.0,0.0,CIRCLE
190.0,24.999999999999996,0.0,CIRCLE
190.0,24.999999999999996,0.0,CIRCLE
190.0,25.0,0.0,CIRCLE
190.0,25.0,0.0,CIRCLE
190.0,25.0,0.0,CIRCLE
190.0,25.0,0.0,CIRCLE
190.0,25.0,0.0,CIRCLE
190.0,25.0,0.0,PRISMATIC_UP
190.0,25.0,0.0005773436360985566,PRISMATIC_UP
190.0,25.0,0.002225397288234436,PRISMATIC_UP
190.0,25.0,0.004818195072167954,PRISMATIC_UP
190.0,25.0,0.008229771103659423,PRISMATIC_UP
190.0,25.0,0.012334159498469163,PRISMATIC_UP
190.0,25.0,0.017005394372357485,PRISMATIC_UP
190.0,25.0,0.0221175098410847,PRISMATIC_UP
190.0,25.0,0.02754454002041113,PRISMATIC_UP
190.0,25.0,0.033160519026097096,PRISMATIC_UP
190.0,25.0,0.03883948097390289,PRISMATIC_UP
190.0,25.0,0.04445545997958886,PRISMATIC_UP
190.0,25.0,0.049882490158915285,PRISMATIC_UP
190.0,25.0,0.05499460562764249,PRISMATIC_UP
190.0,25.0,0.059665840501530815,PRISMATIC_UP
190.0,25.0,0.06377022889634056,PRISMATIC_UP
190.0,25.0,0.06718180492783203,PRISMATIC_UP
190.0,25.0,0.06977460271176554,PRISMATIC_UP
190.0,25.0,0.07142265636390144,PRISMATIC_UP
190.0,25.0,0.07199999999999998,PRISMATIC_UP
190.0,25.0,0.072,TRANSITION
190.03485177744065,25.087129443601622,0.072,TRANSITION
190.13612694247405,25.340317356185164,0.072,TRANSITION
190.29890524416746,25.74726311041863,0.072,TRANSITION
190.51826643158802,26.295666078970026,0.072,TRANSITION
190.78929025380296,26.97322563450736,0.072,TRANSITION
191.10705645987946,27.767641149698637,0.072,TRANSITION
191.46664479888474,28.66661199721186,0.072,TRANSITION
191.86313501988602,29.657837549715037,0.072,TRANSITION
192.29160687195045,30.729017179876177,0.072,TRANSITION
192.7471401041453,31.86785026036328,0.072,TRANSITION
193.22481446553772,33.062036163844354,0.072,TRANSITION
193.71970970519496,34.29927426298742,0.072,TRANSITION
194.2269055721842,35.567263930460456,0.072,TRANSITION
194.7414818155726,36.85370453893149,0.072,TRANSITION
195.2585181844274,38.14629546106852,0.072,TRANSITION
195.7730944278158,39.432736069539544,0.072,TRANSITION
196.28029029480504,40.70072573701259,0.072,TRANSITION
196.77518553446228,41.937963836155646,0.072,TRANSITION
197.2528598958547,43.13214973963672,0.072,TRANSITION
197.70839312804952,44.270982820123834,0.072,TRANSITION
198.13686498011398,45.34216245028496,0.072,TRANSITION
198.53335520111526,46.33338800278814,0.072,TRANSITION
198.89294354012054,47.23235885030137,0.072,TRANSITION
199.21070974619704,48.02677436549264,0.072,TRANSITION
199.48173356841198,48.70433392102998,0.072,TRANSITION
199.70109475583257,49.252736889581385,0.072,TRANSITION
199.86387305752592,49.65968264381484,0.072,TRANSITION
199.96514822255935,49.91287055639838,0.072,TRANSITION
200.0,50.0,0.072,TRANSITION
200.0,50.0,0.072,PRISMATIC_DOWN
200.0,50.0,0.07142265636390144,PRISMATIC_DOWN
200.0,50.0,0.06977460271176555,PRISMATIC_DOWN
200.0,50.0,0.06718180492783203,PRISMATIC_DOWN
200.0,50.0,0.06377022889634057,PRISMATIC_DOWN
200.0,50.0,0.059665840501530835,PRISMATIC_DOWN
200.0,50.0,0.05499460562764251,PRISMATIC_DOWN
200.0,50.0,0.0498824901589153,PRISMATIC_DOWN
200.0,50.0,0.044455459979588864,PRISMATIC_DOWN
200.0,50.0,0.0388394809739029,PRISMATIC_DOWN
200.0,50.0,0.0331605190260971,PRISMATIC_DOWN
200.0,50.0,0.02754454002041114,PRISMATIC_DOWN
200.0,50.0,0.02211750984108471,PRISMATIC_DOWN
200.0,50.0,0.017005394372357506,PRISMATIC_DOWN
200.0,50.0,0.01233415949846918,PRISMATIC_DOWN
200.0,50.0,0.008229771103659439,PRISMATIC_DOWN
200.0,50.0,0.004818195072167963,PRISMATIC_DOWN
200.0,50.0,0.002225397288234454,PRISMATIC_DOWN
200.0,50.0,0.0005773436360985568,PRISMATIC_DOWN
200.0,50.0,2.7755575615628914e-17,PRISMATIC_DOWN
200.0,50.0,0.0,LWPOLYLINE
200.01848719496127,50.0,0.0,LWPOLYLINE
200.07292879667486,50.0,0.0,LWPOLYLINE
200.1617948303853,50.0,0.0,LWPOLYLINE
200.28355532133722,50.0,0.0,LWPOLYLINE
200.43668029477513,50.0,0.0,LWPOLYLINE
200.6196397759437,50.0,0.0,LWPOLYLINE
200.83090379008746,50.0,0.0,LWPOLYLINE
201.06894236245103,50.0,0.0,LWPOLYLINE
201.33222551827896,50.0,0.0,LWPOLYLINE
201.61922328281585,50.0,0.0,LWPOLYLINE
201.92840568130626,50.0,0.0,LWPOLYLINE
202.25824273899482,50.0,0.0,LWPOLYLINE
202.60720448112605,50.0,0.0,LWPOLYLINE
202.9737609329446,50.0,0.0,LWPOLYLINE
203.356382119695,50.0,0.0,LWPOLYLINE
203.7535380666219,50.0,0.0,LWPOLYLINE
204.16369879896982,50.0,0.0,LWPOLYLINE
204.58533434198338,50.0,0.0,LWPOLYLINE
205.0169147209071,50.0,0.0,LWPOLYLINE
205.45690996098563,50.0,0.0,LWPOLYLINE
205.90379008746356,50.0,0.0,LWPOLYLINE
206.35602512558543,50.0,0.0,LWPOLYLINE
206.81208510059585,50.0,0.0,LWPOLYLINE
207.27044003773938,50.0,0.0,LWPOLYLINE
207.7295599622606,50.0,0.0,LWPOLYLINE
208.18791489940418,50.0,0.0,LWPOLYLINE
208.64397487441457,50.0,0.0,LWPOLYLINE
209.09620991253647,50.0,0.0,LWPOLYLINE
209.54309003901434,50.0,0.0,LWPOLYLINE
209.9830852790929,50.0,0.0,LWPOLYLINE
210.41466565801665,50.0,0.0,LWPOLYLINE
210.83630120103018,50.0,0.0,LWPOLYLINE
211.2464619333781,50.0,0.0,LWPOLYLINE
211.643617880305,50.0,0.0,LWPOLYLINE
212.0262390670554,50.0,0.0,LWPOLYLINE
212.39279551887392,50.0,0.0,LWPOLYLINE
212.7417572610052,50.0,0.0,LWPOLYLINE
213.07159431869374,50.0,0.0,LWPOLYLINE
213.38077671718418,50.0,0.0,LWPOLYLINE
213.66777448172104,50.0,0.0,LWPOLYLINE
213.93105763754897,50.0,0.0,LWPOLYLINE
214.16909620991254,50.0,0.0,LWPOLYLINE
214.38036022405632,50.0,0.0,LWPOLYLINE
214.56331970522487,50.0,0.0,LWPOLYLINE
214.7164446786628,50.0,0.0,LWPOLYLINE
214.8382051696147,50.0,0.0,LWPOLYLINE
214.92707120332514,50.0,0.0,LWPOLYLINE
214.98151280503873,50.0,0.0,LWPOLYLINE
215.0,50.0,0.0,LWPOLYLINE
215.0,50.0,0.0,LWPOLYLINE
215.0,50.02464959328171,0.0,LWPOLYLINE
215.0,50.09723839556648,0.0,LWPOLYLINE
215.0,50.215726440513734,0.0,LWPOLYLINE
215.0,50.37807376178293,0.0,LWPOLYLINE
215.0,50.582240393033516,0.0,LWPOLYLINE
215.0,50.82618636792493,0.0,LWPOLYLINE
215.0,51.10787172011662,0.0,LWPOLYLINE
215.0,51.42525648326802,0.0,LWPOLYLINE
215.0,51.77630069103859,0.0,LWPOLYLINE
215.0,52.15896437708778,0.0,LWPOLYLINE
215.0,52.571207575075015,0.0,LWPOLYLINE
215.0,53.01099031865974,0.0,LWPOLYLINE
215.0,53.47627264150142,0.0,LWPOLYLINE
215.0,53.965014577259474,0.0,LWPOLYLINE
215.0,54.47517615959337,0.0,LWPOLYLINE
215.0,55.004717422162535,0.0,LWPOLYLINE
215.0,55.551598398626425,0.0,LWPOLYLINE
215.0,56.11377912264448,0.0,LWPOLYLINE
215.0,56.68921962787614,0.0,LWPOLYLINE
215.0,57.275879947980854,0.0,LWPOLYLINE
215.0,57.87172011661807,0.0,LWPOLYLINE
215.0,58.47470016744724,0.0,LWPOLYLINE
215.0,59.08278013412779,0.0,LWPOLYLINE
215.0,59.69392005031917,0.0,LWPOLYLINE
215.0,60.30607994968082,0.0,LWPOLYLINE
215.0,60.91721986587221,0.0,LWPOLYLINE
215.0,61.525299832552776,0.0,LWPOLYLINE
215.0,62.12827988338193,0.0,LWPOLYLINE
215.0,62.72412005201913,0.0,LWPOLYLINE
215.0,63.31078037212386,0.0,LWPOLYLINE
215.0,63.88622087735553,0.0,LWPOLYLINE
215.0,64.44840160137358,0.0,LWPOLYLINE
215.0,64.99528257783747,0.0,LWPOLYLINE
215.0,65.52482384040663,0.0,LWPOLYLINE
215.0,66.03498542274052,0.0,LWPOLYLINE
215.0,66.52372735849858,0.0,LWPOLYLINE
215.0,66.98900968134025,0.0,LWPOLYLINE
215.0,67.42879242492498,0.0,LWPOLYLINE
215.0,67.84103562291222,0.0,LWPOLYLINE
215.0,68.2236993089614,0.0,LWPOLYLINE
215.0,68.57474351673196,0.0,LWPOLYLINE
215.0,68.89212827988338,0.0,LWPOLYLINE
215.0,69.17381363207507,0.0,LWPOLYLINE
215.0,69.41775960696648,0.0,LWPOLYLINE
215.0,69.62192623821706,0.0,LWPOLYLINE
215.0,69.78427355948628,0.0,LWPOLYLINE
215.0,69.90276160443352,0.0,LWPOLYLINE
215.0,69.97535040671829,0.0,LWPOLYLINE
215.0,70.0,0.0,LWPOLYLINE
215.0,70.0,0.0,LWPOLYLINE
214.98151280503873,70.0,0.0,LWPOLYLINE
214.92707120332514,70.0,0.0,LWPOLYLINE
214.8382051696147,70.0,0.0,LWPOLYLINE
214.71644467866278,70.0,0.0,LWPOLYLINE
214.56331970522487,70.0,0.0,LWPOLYLINE
214.3803602240563,70.0,0.0,LWPOLYLINE
214.16909620991254,70.0,0.0,LWPOLYLINE
213.93105763754897,70.0,0.0,LWPOLYLINE
213.66777448172104,70.0,0.0,LWPOLYLINE
213.38077671718415,70.0,0.0,LWPOLYLINE
213.07159431869374,70.0,0.0,LWPOLYLINE
212.74175726100518,70.0,0.0,LWPOLYLINE
212.39279551887395,70.0,0.0,LWPOLYLINE
212.0262390670554,70.0,0.0,LWPOLYLINE
211.643617880305,70.0,0.0,LWPOLYLINE
211.2464619333781,70.0,0.0,LWPOLYLINE
210.83630120103018,70.0,0.0,LWPOLYLINE
210.41466565801662,70.0,0.0,LWPOLYLINE
209.9830852790929,70.0,0.0,LWPOLYLINE
209.54309003901437,70.0,0.0,LWPOLYLINE
209.09620991253644,70.0,0.0,LWPOLYLINE
208.64397487441457,70.0,0.0,LWPOLYLINE
208.18791489940415,70.0,0.0,LWPOLYLINE
207.72955996226062,70.0,0.0,LWPOLYLINE
207.2704400377394,70.0,0.0,LWPOLYLINE
206.81208510059582,70.0,0.0,LWPOLYLINE
206.35602512558543,70.0,0.0,LWPOLYLINE
205.90379008746353,70.0,0.0,LWPOLYLINE
205.45690996098566,70.0,0.0,LWPOLYLINE
205.0169147209071,70.0,0.0,LWPOLYLINE
204.58533434198335,70.0,0.0,LWPOLYLINE
204.16369879896982,70.0,0.0,LWPOLYLINE
203.7535380666219,70.0,0.0,LWPOLYLINE
203.356382119695,70.0,0.0,LWPOLYLINE
202.9737609329446,70.0,0.0,LWPOLYLINE
202.60720448112608,70.0,0.0,LWPOLYLINE
202.2582427389948,70.0,0.0,LWPOLYLINE
201.92840568130626,70.0,0.0,LWPOLYLINE
201.61922328281582,70.0,0.0,LWPOLYLINE
201.33222551827896,70.0,0.0,LWPOLYLINE
201.06894236245103,70.0,0.0,LWPOLYLINE
200.83090379008746,70.0,0.0,LWPOLYLINE
200.61963977594368,70.0,0.0,LWPOLYLINE
200.43668029477513,70.0,0.0,LWPOLYLINE
200.2835553213372,70.0,0.0,LWPOLYLINE
200.1617948303853,70.0,0.0,LWPOLYLINE
200.07292879667486,70.0,0.0,LWPOLYLINE
200.01848719496127,70.0,0.0,LWPOLYLINE
200.0,70.0,0.0,LWPOLYLINE
200.0,70.0,0.0,LWPOLYLINE
200.0,69.97535040671829,0.0,LWPOLYLINE
200.0,69.90276160443352,0.0,LWPOLYLINE
200.0,69.78427355948627,0.0,LWPOLYLINE
200.0,69.62192623821707,0.0,LWPOLYLINE
200.0,69.41775960696648,0.0,LWPOLYLINE
200.0,69.17381363207507,0.0,LWPOLYLINE
200.0,68.89212827988338,0.0,LWPOLYLINE
200.0,68.57474351673197,0.0,LWPOLYLINE
200.0,68.2236993089614,0.0,LWPOLYLINE
200.0,67.84103562291222,0.0,LWPOLYLINE
200.0,67.42879242492499,0.0,LWPOLYLINE
200.0,66.98900968134026,0.0,LWPOLYLINE
200.0,66.52372735849859,0.0,LWPOLYLINE
200.0,66.03498542274053,0.0,LWPOLYLINE
200.0,65.52482384040664,0.0,LWPOLYLINE
200.0,64.99528257783746,0.0,LWPOLYLINE
200.0,64.44840160137358,0.0,LWPOLYLINE
200.0,63.88622087735552,0.0,LWPOLYLINE
200.0,63.31078037212386,0.0,LWPOLYLINE
200.0,62.724120052019146,0.0,LWPOLYLINE
200.0,62.12827988338193,0.0,LWPOLYLINE
200.0,61.52529983255276,0.0,LWPOLYLINE
200.0,60.91721986587221,0.0,LWPOLYLINE
200.0,60.30607994968083,0.0,LWPOLYLINE
200.0,59.69392005031918,0.0,LWPOLYLINE
200.0,59.08278013412779,0.0,LWPOLYLINE
200.0,58.47470016744724,0.0,LWPOLYLINE
200.0,57.87172011661808,0.0,LWPOLYLINE
200.0,57.27587994798087,0.0,LWPOLYLINE
200.0,56.68921962787614,0.0,LWPOLYLINE
200.0,56.11377912264447,0.0,LWPOLYLINE
200.0,55.551598398626425,0.0,LWPOLYLINE
200.0,55.00471742216253,0.0,LWPOLYLINE
200.0,54.475176159593374,0.0,LWPOLYLINE
200.0,53.965014577259474,0.0,LWPOLYLINE
200.0,53.47627264150142,0.0,LWPOLYLINE
200.0,53.01099031865975,0.0,LWPOLYLINE
200.0,52.571207575075015,0.0,LWPOLYLINE
200.0,52.15896437708778,0.0,LWPOLYLINE
200.0,51.7763006910386,0.0,LWPOLYLINE
200.0,51.42525648326803,0.0,LWPOLYLINE
200.0,51.10787172011662,0.0,LWPOLYLINE
200.0,50.82618636792493,0.0,LWPOLYLINE
200.0,50.582240393033516,0.0,LWPOLYLINE
200.0,50.378073761782936,0.0,LWPOLYLINE
200.0,50.21572644051373,0.0,LWPOLYLINE
200.0,50.09723839556647,0.0,LWPOLYLINE
200.0,50.024649593281715,0.0,LWPOLYLINE
200.0,50.0,0.0,LWPOLYLINE
